COMMENT|CLASS
Satıcı bitti b.yor tarafından çok hızlı kargolandı. Üründe herhangi bir sorun yok şimdilik. Kutulu, açılmamış, aksesuarları tam bir şekilde teslim aldım. Hepsi ekspres kargo ile geldi, arkadaşlar hızlı ve çözüm konusunda çok becerikliler, ayrıca teşekkür ediyorum on numara kargo hizmeti verdiler. |1
Bitti bitiyor a teşekkürler hızlı kargo ve tertemiz telefon|1
teşekkürler.. |1
GELECEK BİZDE BİZDE FİRMASINA HIZLI GÖNDERİ VE GÜZEL PAKETLEMELERİNDEN DOLAYI TEŞEKKÜR EDERİM|1
İnternetten bu kadar yüksek meblağda ilk alışverişim oldu. Hepsiburada aracılığıyla almak güvenilir geldi. Bir de yorumları okuyarak GELECEK BİZDE satıcısından almaya karar verdim. İyi ki almışım kutuda telefonda hiç bir sıkıntı yok. Ben kargo eşliğinde açtım zaten ne olur ne olmaz diye. Telefonu açtığımda da ilk olarak garantisini kontrol ettim ve garanti o an başladı. Ben iphone 6s’ten geçiş yaptım. Şu an için gayet memnunum. Almayı düşünenler varsa bu satıcı öneriyorum. |1
İLK BAŞT ARKADAŞLARLA İNTERNETTEN ALMASAKMI FELAN DİYORDUK SONRA FİYATTA BAYA İYİDİ ALMAYA KARAR VERDİK ÜRÜN GELENE KADAR TEDİRGİNDİM ÇOK HIZLI GELDİ  SABAH KARGOYU GÖRDÜM KUTU GAYET ÇOK GÜZEL AMBALAJLANMIŞTI VE GÜZEL KORUNACAK ŞEKİLDE PAKETLENMİŞ SONRA TELEFONUNUN KUTUSUNUN ARKASINDAKİ IMEİ NUMARASINI  APPLE ARAYARAK SORGULATTIM 2 YIL APPLE GARANTİLİ OLDUĞUNU SÖYLEDİLER SONRA GÖNÜL RAHATLIYLA TELEFONU AÇTIM KULLANMAYA BAŞLADIM GAYET GÜZEL Bİ TELEFON HERKEZE ÖNERRİM KORMADAN ALIN DERİM |1
Bitti bitiyor firması ve hepsiburada'ya teşekkürler sipariş verdiğim ertesi gün içinde hızlı ve sorunsuz şekilde  geldi.|1
Şu an için bir sorun görünmüyor|1
Satıcısı hepsiburada olmayan ürünleri satın alırken korkar ve internette araştırma yaparım. Gelecekbizde yi de aradım buldum. Gökhan beyin cebini buldum. Aradım kaç defa. Saolsun ilgili bi şekilde dinledi cevapladı. Hemen kargoladı. Kargolama ve paketleme de güzel. Telefon orjinal ve garantisi hattı takınca başladı. İphone resmi sitesinde görüntüleyebiliyorsunuz. İsmi almadan önce garip gelse de işini sağlam yaptıkları için iphone alacaksam adres belli... |1
Öncelikle gelecek bizde satıcısına teşekkür ederim. 1 günde kargoyu sorunsuz bir şeklide ulaştırdı. Tlfon orjinal sıfır açılmamış paketinde. Tlfona sim kartı takıp kurulumu yaptıktan sonra seri numarasından tlfonun garantisini sorgulattım garantisi iki yıl ilerisini gösterdi herhangi bir sorun yoktur ürün apple türkiye garantili. İnternetten tlfon almak isteyipte benim gibi terddütte kalanlar mutlaka alsın. Çünkü piyasanın gerçekten altında bir fiyata alıyorsunuz. Satıcının puanına ve yapılan yorumlara bakın ben öyle aldım. O yüzden satıcınında adını verdim. Teşekkürler.|1
Ürün güzel. bittibitiyor adlı satıcıdan aldım. aynı gün kargoladılar.  2 günde ulaştı. orjinal ürün, Apple garantili. henüz kullanmadım. ben aldıktan sonra indirim oldu çok üzgünüm ??|1
Ürünü dün sipariş ettim 23 saatte elime ulaştı.fakat eşime doğum günü hediyesi aldığımdan kurulum yapmadım sorun olmaz inşallah|1
cumbaz iletisim den aldım. 4000 tl lik telefonu havalı poşet vb koruma olmadan baska bir kutuya koyup boslukları desteklemeden kargolamişlar. kargo sirketlerinin ne kadar ozensiz tasima yaptigi ortada. daha ozenli daha hassas kargolama yapilabilir. telefon orjinal ve apple tr garantili sıkıntı yok. ilk 3 sarjini batarya tam bittikten sonra ve uçak modunda yapın. apple çağrı merkezi boyle soyledi ve şu anda 2 gun sarji gidiyor.|1
Teşekkürler Hepsiburada ve gelecek bizde firması. |1
6s den geçtim 7 plusa pişman değilim gerçekten çözünürlük kamera ve şarj açısından gayet başarılı 2017 sen beri ıos kullanıyorum daha önce geçmediğim için pişmanım gerçekten androidle paranızla rezil olacağınıza kesinlikle tercih etmelisiniz 8 plusa o kadar para vermeyin değmez bence 7 plus gayet başarılı ve yeterli|1
ürün bugün elime ulaştı ilk ıphone'um ama zorlanmıyorum beni üzecek bi cihaz olmadığını bildiğimden içim rahat, satıcı belirlenen tarihte ürünü gönderdi fakat paketleme biraz özensiz geldi, tabiki ayrı bir kutunun içine koyulmıştu fakat kutudaki boşluklar köpükle desteklenseydi daha iyi olabilirdi, üründe hiçbir hasar yok eksik yok sıfır bir ürün geldi kendiliğinden garanti süresi başladı ve bunu IPHONE'un resmi sitesinde görebiliyorsunuz.|1
Ürün hızlı ve sorunsuz geldi.|1
Öncelikle internetten ilk defa bu kadar pahalı bir ürün aldım acaba sorun yaşarmıyım diye çok tereddütteydim fakat fiyat olarak piyasadan 500-600 lira aşağısına olunca dayanamadım aldım. GELECEKBİZDE isimli satıcıdan kargo Gaziantep'e 1 günde geldi ürün çok güzel kutulanmıştı. Hattı takınca garantisi başlıyor cihazı anlatmaya gerek yok daha öncede kullandığım telefondu zaten çok severek kullanıyorum ve bu ios işletim sistemini stabilliği sadeliği ve hızına bağımlı oluyorsunuz tamamen kaliteli bir ürün. Bu cihazları kullandıktan sonra android cihazların bazı yerlerdeki küçük takılmaları yüklenmeleri bile canınızı sıkıyor başka cihaz kullanamıyorsunuz.|1
Ürünü aldım kargolamada sorun yok ürün çok güzel garantili faturası ile birlikte geldi internetten de garantisini onayladım 2 yıl garantili alacak arkadaşlar gönül rahatlığı ile alsın |1
almayı çok istediğim bi model ama satıcısı hepsi buradanin kendisi olduğu ürün alacağım uzun süredir takip ediyorum ve tedarikçi hiç bir firmaya güvenim yok ne  zaman tedarikçisi hepsi burada olursa ve fiyatta biraz daha iyileştirmeler yapılırsa ürünü zaman kaybetmeden alacağımı bildirmek isterim..|0
Çarşamba günü sipariş verdim Perşembe geldi kutunun içinde herşey var korkarak aldım ama gayet memnunum|1
İphonedan şaşma  aldık çok sevdik|1
Kalın sağlıcakla umarım tavsiyelerim kullanıcılara faydalı olur.|1
LAFI FAZLA UZATMIYORUM BU FİYATA ANDROİD CİHAZLAR VAR DİYİP ALIP SONRA İOSU MUMLA ARAYANLARDAN OLMAYIN.APPLE NASIL CİHAZ ÇIKARIRSA ÇIKARSIN SATIYOR.SERVİS MÜŞTERİ MEMNUNİYETİ , UYGULAMA OPTİMİZASYONU VE MALZEME KALİTESİ OLARAK PÜYASANIN TEK LİDERİ.BU FİYATA BAŞKA CİHAZ BAKIP MACERAYA GEREK YOK.|1
sorunsuz|1
Gönül Rahatlığı ile Alabilirsiniz|1
süper bayıldım tavsiyede ederim hiç bir sorun olmadı ne telefonda ne de kulaklıka  birde en önemlisi güvenilir|1
küfür|0
Süper ürün paketleme gayet iyidi tskler|1
Ürün aldığım gün kargolandı.PTT kargoyu elime iki günde ulaştırdı.Telefondan çok memnunum.Şu ana kadar hiçbir sıkıntı yok.Kutu özenle hazırlanmıştı. Teşekkürler hepsiburada.|1
Kutunun içinde dönüştürücü çıkmadı ilan sahibinin benim ile iletişime geçmesini istiyorum bunun dışında bir sorunum yok.|1
Kargo çok yavaş 2 hafta sonra geliyor. Kargonun düzeltilmesini isterim. Yinede her şeyi çok iyi. (kargo hariç). Sinir bozucu olabiliyor|0
Ürün gayet güzel bildiğiniz iphone işte 1 günde elime ulaştı hepsiburada yanıltmadı beni herzmanki gibi|1
Paketleme gayet iyiydi sağlam geldi memnun kaldım|1
Kullandığım 7 Plus pert olduğu için 2nci ye aldım, daha ilk aldığımın içinden kulaklık dönüştürücüsü çıkmıştı. bundan çıkmadı, suan için sorun yok.|1
fiyat halen yuksek 32 gb cunku 3 bin e duserse almayi dusunurum 7plus super telefon|1
Telefonu 5 gündür kullanıyorum, hiçbir sorunla karşılaşmadım. Kargo söylenen sürede geldi. Telefonu internetten alıyorum diye tereddütlerim vardı, ama yersiz olduğu ortaya çıktı, satıcıya teşekkür ederim.|1
Kağıt üzerinde özellikleri çok çok daha üstün diye android yazılımlı bir telefona geçtim iphone dan aman sakın ios işletim sisteminden şaşmayın çok yavaş geliyor android iosdan sonra apple sadece isimden ibaret değil gerçekten.|1
Ürün İphone zaten ama kargo berbat, 1 haftada yurtdışına gidecek ürün kendi sınırlarımız içinde ancak elimize ulaşıyor. İnternet alışverişinin bir cazibesi kalmıyor.Sorsanız bütün kargolar 1 günde ulaşır.|1
bildiğimiz iphone 7 plus 8 plus bana göre hiçbir farkı yok|1
Telefonu satın aldıktan sonra kurdaki artışı görünce iyi ki almışım dedim. Yıllardır android kullanan biri olarak işim gereği İPhone kullanımına alışmam gerekti. Alıştıktan sonra ise çok daha pratik ve kullanışlı olduğunu gördüm. Teşekkürler.|1
iPhone’un en güzel serilerinden biri 7 Plus. Silver renk ayrı bir hava vermiş telefona. Çok memnun kaldım. Fiyatı da piyasan 300 lira daha uygun aldık. Teşekkürler Hepsiburada|1
Ürünü Hepsiburada satıcısından aldım. Paketleme güzel yapılmıştı ürünü aldığımda hemen deneme fırsatım oldu çalışmayan ya da eksik çalışan bir bölüm bulunmuyor . Ayrıca telefonun imdi numarasını Apple sitesinden baktığımda orijinal ve iki yıl garantisi olduğu görülüyor. Şüphe edenler gönül rahatlığıyla alabilir teşekkürler hepsiburada☺️|1
Hepsiburada satıcı olarak gayet başarılı. Ürün çok güzel. Tavsiye ederim.|1
şimdilik bir sıkıntı yok 10numara  1haftadır sorumsuz garantili orjinal ürün ama tek dileğim satıcı kesinlikle HEPSİBURADA olsun gerisinde sıkıntı yok|1
Beklediğim tarihten daha önce PTT şubesine gelmişti daha fazla beklememek için gidip teslim aldım güzel paketlenmişti bir haftadır kullanıyorum şimdilik sorun yok gibi görünüyor tavsiye ederim|1
Bende yorumlara bakarak aldım gerçekten güzel dışarıya göre de uygun tavsiye ediyorum |1
gayet güzel tavsiye ederim|1
Satıcı hepsiburada idi ve söylenen saatte teslim edildi|1
Hepsıburada hızmet anlayısı muhtesem.urunu saat 18:00 de aldım ertesı gun hepsıexpress kargo ıle saat 10 da elımdeydı.hersey ıcın tesklerr hepsıburada|1
Hepsiburada satıcısından iPhone 7 Plus aldım ama kulaklık dönüştürücü yoktu başka bi sıkıntı olmadı ama o dönüştürücünün olmaması garibime gitti|1
Jelatinli orijinal paketiyle geliyor korunaklı paketlendi |1
Ürün türkiye garantili paketlemesi çok güzeldi çok tereddütle satın aldım yüksek tutarda ürün olduğu için kutusu falan mağazadan alır gibi üzerinin jelatinini ben açtım güvenilir ve tereddütsüz alabilirsiniz orjinal apple |1
İPhone 7 Plus golf siparişi verdim hepsiexpress kargodan toplam 15 saatte elime ulaştı jelatınlı çok güzel telefon memnunum tavsiye ederim Hepsiburada teşekkürler |1
Ürün hepsijet ile fazlasıyla hızlı geldi gece 1 de sipariş verdiğim ürün sabah 9 da elimdeydi.Hızlı kargo kaliteli ürün.|1
çok hızlı ve özenli kargo. memnuniyet 10/10. teşekkürler.|1
rezelat|0
beğenmedim|0
Telefon gayet iyi geldi kargo geç geliyor ayrıca dönüştürücü neden çıkmadı|1
beğenmedim|0
beğenmedim|0
beğenmedim|0
Hepsijet ile ertesi gün geldi.Sorunsuz güvenilir teşekkürler Hepsiburada :)|1
beğenmedim|0
Geçen hafta satın aldım, kargodan gecikmeli geldi, bunun dışında sorun yok, ürün orjinal ve mükemmel gönül rahatlığıyla alabilirsiniz, teşekkürler.|1
Bitti bitiyordan aldık özenle paketlenmiş sorunsuz aldık zaten telefonun kalitesine diyecek yok..|1
1 günde bugün öğlen elime ulaşması beni çok mutlu etti hepsi burada ailesine ve select isimli satıcıya çok teşekkür ediyorum ve başarılarının devamını diliyorum....|1
Select adlı satıcıdan aldım Kapalı kutu ve Adana’ya 1 günde geldi |1
İos işletim sistemi her zaman iyidir ama eksik yönleri çok kişiselleştiremiyorsunuz veri transferi aynı cihaz olmadığı taktirde aktarım saglamıyor kamera iyi ama grenlenme çok oluyor kamera arayüzünde pro özellikleri yok müzik aktarmak için ise bilgisayara baglamanız gerekiyor ve iTunes e sürekli güncelleme geliyor ama yüklemek istediğinizde ise hata veriyor tekrarlamak gerekiyor oda zamanınızı çalıyor yani istediğiniz gibi kullanım sağlamıyor ben Android de ise stok kamera bile kullanabiliyorum İos ta atıyorum fotograf düzenleyici yüklemek bile paralı ve aşırı pahalı kısacası İos androidden akıcı ama o aradaki mesafe kalktı eskisi gibi degil ve iPhone aşırı pahalı araba fiyatına iPhone alıyoruz diyeceklerim bunlar|1
yanlışlıkla üç yıldız vermişim ama gelecek bizde ekibi 5 yıldızlık|1
Sipariş verdikten bir gün sonra elime ulaştı. Kapalı kutu ve Apple Türkiye garantili. Boşuna mağazalardan alıp 300 400 lira fazla vermeye gerek yok. Fiyatı çok iyi. Telefonu zaten anlatmaya gerek yok.|1
Telefonum Kırıldı kargoya verirmisiniz hemen lütfennnnn|1
Merhabalar, telefonu yaklaşık bir haftadır kullanıyorum. Yılan gibi akıyor. Telefonu anlatmaya gerek yok incelemeleri, performansı zaten biliniyor. 2019 yılında bile çok güncel ve çok hızlı. Kamerası olay, çok iyi çekiyor. En ağır oyunları kasmadan oynatıyor. Pubg, Asphalt 9 ve diğerleri. 32 GB yeterli. Hızlı şarj olmaması kötü. Gold rengini aldım memnunum. |1
Paketleme + teslimat + hız süper. Teşekkürler tereddütsüz alabilirsiniz ????|1
2 haftadır kullanıyorum bittibitiyor satıcısından aldım sorunsuz ve hızlı bir şekilde geldi paketleme biraz daha özenli yapılabilirdi onun dışında gönül rahatlığıyla alabilirsiniz|1
Kafaniz rahat alin|1
rezelat|0
beğenmedim|0
Bittibitiyor dan aldım kargo günü tesliminden 1 gün önce geldi telefon kutusunda hafif ezilmeler vardı ama bu problem değil benim için telefon kusursuz çalışıyor almak isteyecekler tereddüt etmeden alsın bu fiyat normal mağazalara oranla çok iyii |1
Ürünü bittibitiyor satıcısından temin ettim,hepsiexpres anlaşmalı olduğu için tam zamanında sağlam bir şekilde tarafıma teslim edildi.Apple Türkiye garantili, garantisi teli kurunca başladı bir sıkıntı yok.Telefonda da bir sıkıntı yok gayet akıcı 6s sen geçiş yaptım memnunum.İlgili satıcıyı  tavsiye ederim.En uygun fiyat da Hepsiburada’da|1
Ürün 2 günde hasarsız elime ulaştı|1
TELEFONU ANLATMAYA GEREK YOK SANIRIM PİYASADAN DAHA UYGUN FİYATA HİÇ TERDDÜT ETMEDEN ALABİLİRSİNİZ.BU 3.TELEFONUM HEPSİBURADADAN 2 TANESİ 8 PLUSTU HERHANGİ Bİ SIKINTI YAŞAMADIM GERÇEKTEN TEŞEKKÜR EDERİM..BittiBitiyor SATICISINA AYRICA TEŞEKKÜR EDİYORUM SALI GÜNÜ 16:03 SİPARİŞ VERDİM ÇARŞAMBA GÜNÜ 11:00 TELEFONUM ELİMDEYDİ ÇOK HIZLI VE SORUNSUZ Bİ ALIŞVERİŞ OLDU ÇOK TEŞEKKÜR EDERİM..|1
Müthiş telefon 2019 yılındayız geçişleri inanılmaz bu arada sıkıntısız bir şekilde geliyor |1
Bitti bitiyor a teşekkür ediyorum hızlı gönderi bu arada sıkıntı olmasın sıfır kontrol ettim sim kartı taktıktan sonra başladı muhteşem bir telefon günümüzde yüksek fiyatlar olduğu için bence müthiş bir telefon tavsiye ederim |1
teşekkürler orjinal ürün ithalat kayıtlı ambalaj kargo kusursuz hayırlı kazançlar dilerim|1
Hızlı gönderi. Sorunsuz elime ulaştı. Teşekkurler|1
Piyasadaki en uygun ve en orjinali orjinal iphone olduğu çok belli kargo olarak pıt pıta sarılmış ve asla kırılmazdı zaten çok teşekkürlerrr|1
Gönderi hızlıydı , ürün kusursuz korumayla gönderildi teşekkürler|1
Sorunsuz bir şekilde tarafıma ulaştı.|1
Hızlı gönderim teşekkürler. Kulaklık jakı adaptörü içerisinde yoktu onu anlayamadım satıcının irtibata geçmesini rica ediyorum|1
Ürünü akşam saat 19.00 da hızlı sipariş seçeneği ile sipariş ettim. saat aralığını 11.00-13.00 olarak işaretledim. Ertesi gün saat 10.15 de siparişim kapımdaydı. Paketleme özenli olarak yapılmış ve ürün içerisinde eksik malzeme yoktu. Satıcısı hepsi burada olarak satın aldım ve güvenilir olduğunu bir kaç arkadaşımda söyledi. Gerçekten güvenilir sizlere öneririm. İmkanınız varsa satıcı kısmı hepsi burada bir yazan ürünü alın.|1
çabuk geldi. Sorun yok.|1
kargo biraz gecikti ama ürün orjinal ve iyi paketlenmiş|1
İçerisinde Yok|1
Ürün fiyat olarak alabileceğiniz en düşük şuan için bütün internet satışı yapan firmalarda araştırdım.Ürünü daha kontrol edemedim Fakat Ptt  kargo rezilliği had safhada .Kargo hariç bir sıkıntı çıkacağını düşünmüyorum.|1
Telefonu almadan önce tereddütte kalmıştım. Elime ulaştığında öncelikle garantisini sorgulattım ve sitede yazıldığı gibi çıktı. Telefonumdan çok memnunum. Almayı düşünenler varsa tereddütsüz alabilirler. Teşekkürler Hepsiburada ekibi. |1
Başarılı bir ürün, fiyat düşmüş yeni model çıkınca.|1
TR 2 yıl Aplle garantili.|1
2 gün içinde elime ulaştı. Kargolama çok iyiydi hiçbir şekilde zedelenmeyecek biçimde paketlemişler. İnşallah kullanırken sıkıntı çıkmaz.|1
Bir günde ürün elime ulaştı, paketleme çok iyi, hepsiexpres e teşekkürler harikasınız.|1
Üründe kulaklık çevirici çıkmıyor artık bilginiz olsun. Bu fiyata süper ürün  tr garantili teşekkürler sar elektronik|1
Yaklaşık 1 sene öne aldığım telefonumdan ciddi anlamda çok memnun kaldım . Hala şarjı 1 dolum bütün gün yetiyor. Tavsiye ederim.|1
Ürün belirtildiği gibi Apple Türkiye garantisi altındadır, gönul rahatlığı ile alabilirsiniz.|1
Bence başarılı ????|1
rezelat|0
beğenmedim|0
çok güzel tavsiye ederim parasını tamamen hakediyor |1
Hepsiburada.com ürünü çok iyi paketlemiş, planlanan tarihte kuryeyle sorunsuz geldi, tavsiye ediyorum|1
Gece sipariş verdim sabah geldi keşke tüm ürünleri Hepsiexpress getirse boşa bu kargocularada para kaptırmamış olurlar zaten telefona diyecek söz yok efsane|1
Çeyrek Fiyatını bile hak etmiyor bu sitede en uygun olsa bile. Telefonda yapılabilecek aktivite çok az, zaten çok bir şey yapmıyorum diyorsanız da başka bişeye bakabilirsiniz sanırım.|0
Ürün orijinal, sadece ben biraz ısınma sorunu yasıyorum onun dısında her sey guzel.|1
Cihazı dün sipariş ettim 1 günde elime ulaştı hızlı kargo için teşekkürler. Siparişi oluşturmadan önce tereddütlerim vardı cihaz orjinaldir güvenlikle alabilirsiniz hepsiburada'ya teşekkürler ...|1
1 gün sonra çok iyi paketlenmiş şekilde elime ulaştı.|1
Olması gerektiği gibi , teşekkürler|1
Güzel ??|1
Ürün çok iyi tavsiye ederim güvenerek aldım.|1
Çok teşekkür ediyorum |1
bu paraya beş para etmez yazık|0
iyi|0
rezelat|0
beğenmedim|0
Teşekkür ederiz.|1
berbat|0
vasat|0
argo normal hızda geldi ama telefon zarar görmeyecek şekilde paketlemişler. güzel telefon adeta tasarım harikası|1
ürün tam zamanında elime ulaştı sorunsuz bir alışveriş oldu tavsiye ederim|1
Herkes hızlı yazmış ama beklediğimden yavaş|1
Ürün güzel, paketleme iyi fakat ürün elime 5 günde ulaştı.|0
İki ay oldu buradan alalı ve hiç bir sorun yok telefonumda, kesinlikle alcaksanız öneririm|1
hepsiburada'ya teşekkürler satış konusunda çok yardımcı oldular, telefonu anlatmaya gerek yok bence. sadece şarjı biraz daha uzun süre gitse daha iyi olmaz mıydı diye düşünüyor insan. son derece güzel bir ürün tavsiye ediyorum ilgililer.|1
berbat|0
vasat|0
Ürünü alalı 1 Hafta oldu ısınma ve sarj hariç her yönüyle harikulade bir telefon uygulamar arası geçişler performansı özellikle çok iyi pubg de hdr da oynuyosun ve sıfır  kasma ios kullandıktan sonra android kullanmamaya karar verdim hiç düşünmeden alın ;)|1
Guzel alisveristi tsk|1
Ürün açıklamadaki gibi ama firma yarın kargoda demesine rağmen geç gönderiyor.|1
Telefon iki gunde elimdeydi, 2 yil apple turkiye garantili cok tesekkurler|1
Bittibitiyor dan aldım çok memnun kaldım hasarsız bir şekilde geldi şu anda da severek kullanıyorum.daha önceden ıphone 7 kullanıyordum tavsiyem iPhone 7 Plus özellikle bayanlar için erkekler için  büyük gelebilir |1
berbat|0
vasat|0
Apple kullanan bilir alıştın mı android kullanamazsınız stabil yazılım ve kalite bir arada...|1
Wifi problemi yüzünden yenisi ile değiştirldi apple servisi tarafından onun haricinde memnunum.|1
Ürün yazılandan daha kısa sürede 2 gün içinde elime ulaştı  piyasa fiyatlarının çok altında tel sahibi oldum gelecekbizde ve hepsiburada firmalarına kalitesinden ve hızından dolayı çok çok teşekkürler rahatlıkla alışveriş yapabilirsiniz  iyi çalışmalar |1
Telefonu burdan alan arkadaşlar gelen cihaz hangi ios sürümü ile geliyor. Açıklamada 10 görünüyor ama bazen en son sürümde güncel olarak da gelebiliyormuş. Güncel versiyonda da sorunlar oluyor diye bilgiler mevcut.|1
Ekranında çok küçük çizikler var geri göndereceğim ama ne yapacağım. Hakkında hiçbir bilgim Yok|0
Ürünü tavsiye ediyorum, gerçekten efsane. Kargo da hızlıydı!!!|1
süper performans ve kalite|1
Hepsi ekspress ile çok hızlı ve sorunsuz geldi ürün belirtildiği özeliklerde. Fiyat performans ürünü teşekkür edebilirim|1
Ne diyebilirim ki kalitesi ortada.|1
Ürünü BittiBitiyor satıcısından aldım paketleme güzel ama kargo şirketi çok yavaş YurtiçiKargo olmasa daha iyi olurdu ama ürün sorunsuz şekilde geldi. Tavsiye ederim.|1
berbat|0
Çok kaliteli orjinal ürün|1
gelecekbizde satıcısından ürünü aldık. teslimat 1 hafta sonra gösteriyordu fakat siparişten 2 gün sonra ürün teslim edildi. ürün detayında belirttiği gibi apple türkiye garantili ürün. IMEI numarasını sorgulattım kayıtlı ürün ve apple sitesinde ürünü kurduktan sonra 2 yıllık garantisini başlattı. kutu ve teslimat sorunsuzdu. kutu içeriğinde eksik gedik yoktu. yıllarca boşuna android kullanmışız. Tavsiye ederim, cihazı anlatmaya gerek yok.|1
İlk defa internetten bu kadar pahalı bi elektronik cihaz aldım gelene kadar hala şüphem vardı ama gelince içim rahatladı garanti kapsamında olup olmadığınıda kontrol ettim gelecek bizde satıcısına teşekkürler on numara bi paketlemede yapmışlar gerçekten gönül rahatlığıyla alınabilir ve cihaz gerçekten müthiş tavsiye ederim|1
gelecek bizde adli satıcıdan satın aldim herşey yerinde, güzel paketleme ama kargo biraz yavaştı genel olarak iyi|1
paketlenmesi olsun hızlı teslimat olsun telefonun bire bir aynı gelmesi olsun vs. vs. herşey mükemmel Gelecek bizde ye çok teşekkür ederim??|1 
Tavsiye ederim. |1
ürünü övecek değilim. kişiden kişiye değişir. ama hem hepsiburada hemde gelecek bizde ekibi güzel çalışıyor. çok memnun kaldım. ürünü piyasa fiyarına göre çok uyguna aldım. sadece gelecek bizde ekibi gönderilen paketlemede ufak bir özen güzel olurdu. onun dışında elinize sağlık. |1
Ürün hızlı kargo seçeceğini tercih etmem sebebiyle 24 saat sonra elime geçti. Sorunsuz ve uygun fiyatlı bir alışveriş gerçekleştirdim. Buradan satın aldığım 3. Telefonum. Hiçbir sorun yaşamadım.????|1
Telefonun güzelliğinden bahsetmeye gerek bile yok zaten.hepsi burada satıcısı tarafından alım ve çok memnunum teşekkürler hepsi burada |1
Ürünü siparişi verdikten 12 saat geçmeden teslim aldım. ????????????Teşekkürler.|1
Diğer sitelerden 300 tl aşağı aldım üstelik 2 yıl apple garantili. Telefon geldiğinde ilk kurulumdan 2 3 saat sonra garanti aktif görünüyor diyeceğim şu ki gönül rahatlığıyla alın arkadaşlar. |1
Normalde 5 * verirdim ama kargo süreci çok sıkıntılı oldu. Ürünü aldım kargo günü geldi kargoya verilmedi.  ses seda yok. Bilgi veren de çıkmayınca ben aradım ürün stokta yokmuş tedarik edeceklermiş. İki gün gecikmeyle kargoya verildi. Böyle sıkıntılar olabilir ama bu gibi durımlarda müşteriyi bilgilendirirlerse daha iyi olur.  Onun dışında sıkıntı yok. Zaten satıcı hepsibırada olunca tereddüt etmeden alabilirsiniz. Orijinal sıkıntısız ürün. |1
hepsiburada adlı satıcıdan rose gold aldım, gece sipariş ettim sabah evime ulaştı. ürünün garantisini orjinallğini test ettim, bir sıkıntı yok. Teşekkürler hepsiburada. |1
Telefonu Troy'dan aldım. Tahmini kargo süresinden önce gönderdiler. Artı olarak paketleme çok iyi yapılmıştı. Firmaya dair şu an için olumsuz hiçbir görüşüm yok. Tek sıkıntı kargo firmasının çalışanı telefonu bana değil bir başkasına teslim etti. Dünyanın parasını verdiğimiz bu ürünleri sipariş verirken alıcı ismi olarak boş yere kendi ismimizi yazmıyoruz herhalde. |1
Tavsiye ederim.|1
Telefonun tek kötü yanı çok hızlı :)) kamerası net Fotoğraflar çıkartıyor parmak izi okuyucusu çok hızlı oyunlarda kasma falan yok. Şarjı 1.5  gün dayanıyor kısacası android telefonlara  para vereceğinize iPhone 7plus alın daha iyi|1
Ürün orjinal hiçbir eksiği  olmadan geldi paketleme özenli hepsiburada sorunları çözümlemede çok iyi biraz geciken kargo dışında herşey çok güzel teşekkürler hepsiburada teşekkürler tedarikçi firma bittibitiyor :)|1
allah belanı|0
berbat|0
vasat|0
rezelat|0
beğenmedim|0
Kargo telefon hepsi on numara|1
Çocuğuma aldım. beğenerek kullanıyor.|1
Ürünü bittibityordan aldım geç geldi ama telefon için buna değer ve memnunum.|1
Cihazın siparişi ve teslimatı süreci çok hızlı ve sorunsuzdu. Cihaz herkesin malumu 3 yıllık bir cihaz olmasına rağmen donanım olarak gayet yeterli. Tabiki benzer fiyatlara daha güncel cihazlar bulunabilir. Tercih ios ise alınabilecek en iyi fiyat performans ürünü. Kontrol ettiğimde cihazın 2 yıl garantisi apple türkiye olduğunu teyit ettim. Ayrıca üretim mart 2019 olduğunu.Teşekkürler Bittibitiyor.|1
Ürünü BittiBitiyor satıcısından aldım. Ürüne yorum yapmıyorum biliyorsunuz mükemmel. Kargo ise çok hızlı geldi fakat paketleme pek iyi değildi kutuda küçük ezilmeler vardı ama sıkıntı değil. Teşekkürler.|1
Ürün cok guzel cok hizli fakat kargolama cok kötü kutu icine koyup gondermisler paketleme iyi degil.sürat kargo kargoyu bulamadi yakın zamanda.kisacasi kargolama haric iyi|1
hızlı kargo sagalm ürün|1
Ürün yeni herşeyi işe tam ve saglam geldi teşekkür ederim|1
Kargo firması biraz üzse de genel olarak problem yaşamadım gelir gelmez imei numarasından garantisini sorguladım Apple Türkiye garantisi mevcut yani alacaksanız aklınızda çok soru işareti kalmasın. Hepsiburada ve bittibitiyor.com’a teşekkürler...|1
6plus cihaımı değişmek istediğimde 7 ve 8 plus arasında seçim yapmam gerekti fazla fir farklılık olmadığı için daha fazla ödemeden 7 plus almakta karar verdim. 8plusa ödeyeceğim miktarı az dha arttırırsam X tercih ederdim. Ürünü kapalı kutulu olarak teslim aldım. Kuruluma geçmek için sabırsızlanıyorum ..:))|1
Sorunsuz alışveriş teşekkür ederim.|1
Yaklaşık 1 senedir 7 plus kullanıyorum şarjı iyi gidiyor ama pubg falan girdiğinizde çok çabuk bitebiliyor onun dışında telefon gayet iyi fiyatını hakediyor|1
Çok araştırdıktan sonra 8 ve üzeri yerine 7 Plus'da karar kıldım ve de çok iyi etmişim. Telefon süper. Film, video, oyun vs. indirmediğim için hafızası benim için fazlasıyla yeterli. İnternetten İphone 8 ile karşılaştırma videolarını izlerseniz zaten performansları arasında çok fark yok. Şarjı bana iki gün dayanıyor, iki saatin biraz üzerinde %100 şarj oluyor. BittiBitiyor'dan aldım, çok hızlı, rahat ve güvenli bir alışveriş oldu.|1
iphone larda pek nesil farki olmuyor.andeoid cihazlarda oluyor nesil farki.cunku iphone lar her zaman onde gidiyor.cihazin kamerasi en son cikan tum android cihazlardan cok daha iyi.stabilitesini halen yakalayabilmis bir android cihaz gormedim.mutlaka bir sekilde ram temizligi yaparsiniz. diyecegim tek sey iphone 7 plus her türlü alinir rahat olun|1
Ürün gayet güzel bir şekilde kapıma kadar geldi paketleme çok iyi değildi fakat ürüne birşey olmamıştı. Bakmadım umarım Apple Türkiye garantilidir.|1
hızlı ve sorunsuz gönderi teşekkürler|1
Android Telefon Kullanıyordum İyiki Almışım Pişman Değilim Muhteşem|1
çok iyi|1
Çok güzel iphone kalitesi (^_-)|1
allah belanı|0
berbat|0
vasat|0
rezelat|0
beğenmedim|0
Sorunsuz geldi kargoya verilmesi biraz uzun sürdü 1 gün kadar. Orjinal cihaz gönül rahatlığıyla alabilirsiniz.|1
üründen ve satıcıdan çok memnunum. ama bu modeli alırken arıştırdıysanız siyah renginde boya atması sorunuyla karşılaşan insanlar olduğunu okumuşsunuzdur. aynı durum benimde başıma geldi. ürünü aldığım günün ertesi günü kılıf aldım ve kılıftan hiç çıkarmadığım halde hoparlör kısmının orasında 1-1 buçuk ay sonra boyanın attığını gördüm. Apple bunun birçok kişinin de karşılaştığı bir durum olmasına rağmen kabul etmiyor, kullanıcı hatası diyor. o yüzden almadan önce bunu da göz önünde bulundurun.|1
Androidden geçiş yaptım ve keşke daha önceden alsaydım dedim tek eksisi şarj başka bi eksi yanı yok|1
Yaklaşık 4 ay önce aldım çok memnunum. Keşke daha önceden tereddüt etmeden alsaydım. Çok araştırdık sonunda doğru tercihte bulunduk..|1
Kargoyla veya üründe bir sıkıntı olmadı fakat alacak arkadaşlar iphone 7 plus mat modellerinde cihazın arkasında kılıflar leke bırakıyor özellikle slikon kılıflar ve bu lekeler geçmiyor ben lansman kılıfı kullandığım halde leke kaldı garanti hiç bir şekilde kabul etmiyor. Eğer benim gibi titiz biriyseniz bu durum oldukça can sıkıcı...|1
Telefonu 1 yıl önce satmıştım uapamadım tekrar aldım androıd kulanılmıyor yavas hıza alışınca yapamıyosun androıdle|1
Tel paketlenmiş bir Şekil de geldi.beğendim . Garantisini nasıl sorgulatıyorsunuz yardımcı olursanız sevinirim|1
COK GÜZEL ÜRÜN HERKEZ ALABİLİR|1
allah belanı|0
berbat|0
vasat|0
rezelat|0
beğenmedim|0
GELECEK BİZDE SATICISINDAN KARDEŞİME ALDIM. PERŞEMBE SİPARİŞ VERDİK.BUGÜN ELİMİZE ULAŞTI. KARGOLAMA GAYET İYİYDİ. TELEFONU KURDUĞUNUZ AN GARANTİ DEVREYE GİRİYOR. APPLE DAN SORGULAMA YAPINCA GARANTİ BAŞLAMIŞ GÖZÜKÜYOR. FİYATI ZATEN PİYASADAKİ EN UYGUN FİYAT. EMEĞİ GEÇENLERE TEŞEKKÜRLER. HEPSİ BURADA FARKI ZATEN DAHA FAZLA NE SÖYLENEBİLİR Kİ...|1
5 ay önce aldım. sipariş verdikten 1 gün sonra elime ulaştı. sorunsuz bi şekilde kullanıyorum|1
Bir gün gecikme ile kargolandı ama ertesi gün elime ulaştı teşekkürler |1
Öncelikle bittibitiyor satıcısına ve hepsiburadaya teşekkür ediyorum. I phone 7 plus 32 gb model telefon siparişini pazartesi verdim aynı gün kargolandı ve salı günü zonguldak'a geldi ama ben çarşamba kendim gidip almak zorunda kaldım yurtiçi kargoyla çalışmanız beni üzdü kutuda hasar vardı köşesi yamuk şekil de geldi telefon sıkıntısız sorgulattım herşeyi orjinal ve garantisi başladı.|1
Herşey için teşekkür ederim |1
beğenmedim|0
Ürünümü bugün teslim aldım, alışveriş sonrası mağazayla ilgili internette okuduğum kötü yorumlar beni baya endişelendirmişti ancak sonrasında şirketle de iletişime geçtim, herhangi bir problem yaşamadan ürünüm elime ulaştı, üründe de herhangi bir problem yok, gönül rahatlığıyla alışveriş yapabilirsiniz, teşekkürler hepsiburada ve bittibitiyor..|1
Hızlı kargo güzel paketleme güzel fiyat orjinalin ürün daha ne sayabilirim ki ????|1
Bittibitiyor ,zamanında kargo sorunsuz alışveriş için teşekkürler.|1
Şuan kullanıyorum orjinal 2 yıl garantili bir ürün gönül rahatlığıyla alabilirsiniz|1
heyecanla bekliyorum :)|1
Mükemmel cihaz, çok hızlı ve itinalı kargo hizmeti.|1
işlemcisi,hızı 10 numara 5 yıldız..|1
beğenmedim|0
Kargo normal süreçte geldi, Ürün paketlemesi başarılıydı. Kapalı kutu ve orijinal ürün. Herhangi bir problem yok, umarım da olmaz. Teşekkürler HepsiBurada.  |1
çok iyi|1
Beklediğim gibi|1
Mükemmel|1
Ürün çok güzel orjinal kargo rezalet|1
beğenmedim|0
çok iyi verecektim ancak hepsiexpress de kırdım onu cok ilgisiz merkez 20 dakika telefonda açsın diye bekledim, ürüne gelirsek iphone 8 den daha hızlı daha ömürlü özellikle arkadasımınki ile karşılaştırdım iyi ki 8 değil 7 plus almısım en azından portre vs. gibi özellikler var ve daha hızlı|1
Garantili ve Sıfır ürünü Mağazadan teslim alır gibi aldım Emeği geçen herkese teşekkürler.|1
Apple kalitesi zaten ortada piyasaya göre uygun fiyatıyla da hepsiburadaya teşekkür etmemek elde değil|1
güzel|1
Orjinal ve hızlı.. teşekkür ederim|1
5 YIL iphone 4 kullandıktan sonra i phone 7  aldım. gelen çağrıda ses bazen kesik kesik geliyor. tekrar arama yapmak zorunda kalıyorum. telefon garantili ama 1 gün bile telefonsuz kalamayacağım için servise bırakamıyorum. sorunsuz telefon istediğim için almıştım pişmanım. |0
Çok iyi teşekkürler|1
Hepsiburada ya teşekkür ediyorum|1
beğenmedim|0
Hızlı kargo, güzel paketleme, orjinal ürün, çok teşekkür ederim.|1
Kargo rezalet ama ürün güzel |1
epple'ın dünyadaki marka değeri ürünün kalitesine yansıdığı besbelli....ukalalık yapıp ürünü eleştirmeyi kendime yakıştıramıyorum.çoook güzel....günün birinde türkiyede'de bu kalitede ürün üretilir diye ümit ediyorum...hepsiburada.coma hızlı gönderi için teşekkürler.|1
Gayet güzel sorunsuz |1
bataryası diğer iPhonelara farkla bir tık daha iyi (Yeni X modelleri hariç)|1
Çok güzel bir ürün.|1
Ürün kusursuz ! Herkesin aklında acaba ürün orjinal mi? Kutusu açıldı mı ? İnternet ten alışveriş yapılır mı ne kadar sağlıklı ? Diye sorular vardır. Kesinlikle olmasın ben test ettim onayladım ürün sıfır paketlenmesi harika kesinlikle bir zarar gelmez helede hepsiburada mağazasında alışveriş yapıyorsanız düşünmeden alın teşekkürler hepsiburada teşekkürler tedarikçi firma olan cep ekspres ??|1
Buradan satıcıya ilgisi alakası için teşekkürlerimi sunuyorum|1
Ürün 2 günde elime ulaştı cihazda herhangi bir sorun yok teşekkürler hepsi burada ????|1
Kesinlikle hiçbir sıkıntı yaşamadım. Başta korksamda ürün orijinal ve kısa sürede elime ulaştı O?|1
Ürünü alalı 1 aydan fazla oldu apple servise ve netten sorgulattım orjinal ürün tam söyledikleri saatte elime ulaştı hepsiburada gerçekten çok iyi ve uygun diğer satıcıları bilemem|1
Hızlı teslimat güzel paketleme uygun fiyat telefonu zaten anlatmaya gerek yok teşekkürler...|1
Beğendim  sitede göründüğü gibi geldi |1
beğenmedim|0
hızlı ve sağlam ulaştı teşekkürler|1
Apple işte anlatmaya gerek yok fiyat çok çok iyi alın|1
Mükemmel|1
Mükemmel bir hizmet. Üründen de çok memnunum. Herkese tavsiye ederim. |1
Hızlı kargo, iyi paketleme, iyi hizmet teşekkürler|1
Güvenle alişveriş yapabilirsiniz|1
Ürün orijinal  hiçbir sıkıntısı yok çok iyi neredeyse 24 saatten kısa sürede elime ulaştı  fakat satıcının paketlemesi gerçekten kötüydü ürünün kendi ambalajı dışında koruması neredeyse yoktu boş bir karton kutuya konup gönderilmiş umarım sonraki siparişlerde bu düzeltilir |1
Bugün sipariş verdik yarın kargoya verilecek inşallah beklediğimiz gibi gelir|1
Well|1
beğenmedim|0
Ürünü yaklaşık 10 aydır kullanıyorum ve android saçmalığından IOS mükemmelliğine geçtiğinizde anlıyorsunuz ürünün kalitesini sadece işletim sistemi değil bu fiyata alabileceğiniz özellikler bakımından max ürün bu android alıp 6 ay sonra kasmalarından kamerada ki saçma odaklanma sorunlarından işletim sisteminin çoğu uygulamalarda sürekli yetersiz olmasından bıkmış bir insan olarak sonunda huzura ve mükemmelliğe bu telefon ile ulaştım|1
Mağazalarda kazıklanmaya gerek yok teşekkürler hepsi burada.|1
Kendi iphone 7 telefonumda yüklü olan hepsiburada uygulaması üzerinden sıkıntı yaşadım alışverişi tamamlayamadım mecburen bilgisayarı açıp yaptım yinede hızlı kargo için teşekkürler.|1
Üründen çok memnun kaldım. Hem hızlı geldi hem de orijinal kutusunda. Teşekkür ederiz.|1
simdi teslim aldim kutuyu actim ses acma tusu bariz sekilde calismiyor gonderirken utanir insan musteri hizmetlerini aradim servis raporu almaniz gerekiyor diyor bakalim simdi sifir kutu telefon servise gitmeye calisicam|0
Ürün elime 2 günde sorunsuz ulaştı .Kargo paketleme iyi .telefon mükemmel sımdılık bir sorun yok teşekkürler hepsi burada |1
Ürün,teslimat olayyyy.hiç düşünmeyin alın??|1
Cuma günü kargoya verdim cumartesi günü geldi , çok hızlıydı kargo teşekkür ederim. Telefon herşeyiyle çok güzel , eksi olarak söyleyebilceğim uzun süre kullanımda telefonun ısınması , şarjın 3 saatte dolması. Şarj daha dayanıklı olur diye düşünmüştüm ama yinede idare eder. Telefon on numara , garantisini sorgulattım problem yok. Güvenilir , teşekkürler.|1
Ürün çok güzel tavsiye ediyorum|1
beğenmedim|0
Dünyanın parasını verip satın aldım. Ama bozuk çıktı. Şimdi servise gönderecem. Keşke almasaydım |0
Çok tereddüt ettim fakat pişman değilim. Ürün İstanbul’da bir gün sonra elimde oldu.|1
Hepsiburada.com gerçekten işini çok iyi yapıyor hızlı kargo seçtim akşam sipariş verdim sabah cihaz elimdeydi teşekkürler...|1
şık zarif ürün beş yıldızı hakediyor..ama kargo kötü farklı ilçeye göndermiş kargo şirketi:(|1
Ürün Harika yıllarca Android kullanarak parama da kendime de yazık etmişim.|1
harika süper paketlenmiş teşekkürler hepsi burada kısa sürede elime sorunsuz ulaştı. |1
beğenmedim|0
Ürün harika deyip üç yıldız veren başka bir millet var mıdır acaba:) Ürün harika elbette ve beş yıldız...|1
Orjinal güzel ürün. Herhangi bir sıkıntı yaşamadım. Tavsiye ederim.|1
Fazla yoruma gerek yok bir ara android kullandıktan sonra iPhone kalitesini anladım fiyatı için Hepsiburada ya teşekkürler ancak şu kargo firmasını değiştirsinler eski firma daha çabuk getiriyordu |1
ilk kez internetten tlf aldım .Sorunsuz orjinal ürün .Teşekkürler HEPSİBURADA|1
Hızlı kargo ve piyasadaki en uygun fiyatlı ürünü bize sağladığı için hepsiburadaya teşekkür ederiz.|1
Detaycı değilseniz iyi ama telefonda ayar detayı istiyorsanız tavsiye etmiyorum bildirim ışığı gibi basit birşeyin olmaması bile garip|0
2 hafta önce aldım. hala kullanıyorum. hepsiburada farkı ile gönül rahatlığıyla aldım. çok memnunum.|1
Orijinal ürün, iPhone işte daha ne denir ki|1
Hepsiburada her zamanki gibi en uygun fiyatı sağlıyor. Ürünün kalitesi belli alınacak adresi belli.|1
Ürün çok iyi teslimat çok hızlı paketleme kötü|1
beğenmedim|0
Kargo çok hızlı geldi, ürün çok güzel teşekkürler.|1
Hızlı kargo, ürün harika. Teşekkürler Hepsiburada|1
PERŞEMBE SİPARİŞ VERDİM SALI GÜNÜ ELİME ULAŞTI AMA ÜRÜN HARİKA.TEŞEKKÜRLER HEPSİBURADA|1
Orijinal ürün sıkıntısı yok tavsiye ederim |1
hersey anlatıldığı gibi apple tr garantili  ve ilgili bir satıcı tesekkürler. tavsiye ederim |1
Kargo çok hızlı geldi, ürün çok güzel teşekkürler.|1
On numara beş yıldız teşekkürler HEPSİBURADA .COM|1
Kesinlikle çok iyi. Bence İphone x falan boş. |1
Hızlı kargo ve garantili ürün. Memnun kaldım teşekkürler.|1
beğenmedim|0
Gerçekten beklediğim gibi arjinal ürün teşekkürler hepsiburada|1
İki günde elimize ulaştı şimdilik memnunum daha ucuzu yok|1
anlatmaya gerek yok. görüyorsunuz. eskiden sadece fiyatıydı problem olan. şuan diğer telefonların da fiyatı artmasıyla birlikte cazip bir markaya dönüştü apple. bu ürün de tatmin edici. fotoğrafınızı da güzelce çekersiniz, oyununuzu da oynarsınız. ısınma problemi yaşamadım. stabil bir işletim sistemi mevcut. ben kendim iphone a geçtikten sonra eşimi de geçirdim, rahat ettik. kullanım kolaylığı, virüslere karşı kapalı sistemi, daha yolumuz düşmedi ama servis hizmet kalitesi vs. temel sebeplerim oldu. |1
Ertesi gun geldi : D|1
beğenmedim|0
Süper ürün, süper boyut. Yıllarca plus ürüne laf ettim. |1
7 plus alalı...şimdi diyorum ki   daha önceleri ben telefon falan kullanmamısım....kamerası hızı  hele parmak okuma kamera  hızı anlatılmaz|1
Teşekkürler ürün çok iyi|1
Teslimat hızı muhteşem tavsiye ederim.|1
24 saat içinde elime ulaştı ve sıfır kutusunda orjinal, apple garantili. Hiç bir problem yok. Gönül rahatlığıyla alabilirsiniz..|1
Mükemmel hizmet. Çok teşekkürler. Kargoyu da halletmeniz süper olmuş. Müşteri memnuniyeti böyle olur. Tebrikler. |1
Ürünlerinizi ve hepsiburda.com u güvenilir buluyorum tesekkurler|1
ucuza aldığım için mutluyum|1
Çok güzel bir alışveriş oldu. 1 günde teslim edildi cihaz. Hiçbir sorun yok.|1
güzel paketleme , hızlı kargo , kaliteli ürün  daha ne olsun|1
mükemmel bir telefon herkesin almasını tavsiye ederim|1
7 plus tartışmasız bir cihaz ekran kasa oranları hepsi mükemmel 5 s ten geçiş yaptım ipone ayrı bir dünya bunun yanında HB . Fiyat ve ulaşım beş yıldız Kütahya/ tavşanlı /tuncbilek’e 24 saatte ulaştı teşekkürler tüm çalışanlarına HB,,,|1
Ürüne bayıldım. Hepsiburadadan sipariş vermek kusursuz bi deneyim oldu çok teşekkür ederim. Daha ucuzu ve güveniliri yok bence.|1
ürün söylendiği tarihte geldi ve çok memnun kaldık.|1
beğenmedim|0
Hızlı kargo,  harika telefon |1
Pahalı bir ürün internetten almadan önce baya bi düşündüm ama içiniz rahat olsun ürün tamamen kapalı orjinal kutusunda ve çok hızlı şekilde geliyor apple store dan almış olmakla hiç bir farkı yok fiyat farkı dışında :D hepsi burada en ucuz ve kaliteli ürünü veriyor ben hiç sorun yaşamadım bu tarz alışverişlerde artık ilk baktığım yer oldu hepsiburada neden 600tl fazla vereyim ki aynı ürüne :D|1
Mukemel anlatmaya gerekyok goryorsun :)|1
Kararsız kalarak almıstım ama cok cok cok memnunum harika bi telefon en uygun fiyata almak da ayri güzel teşekkür ederim hepsi burada??????|1
Ürün ve hizmet çok güzel. Teşekkürler |1
beğenmedim|0
3.iş gününde geldi ama güzel|1
Güzel başarılı teslimat|1
hızlı ve sorunsuz alışveriş yaptım teşekkür ederim|1
Ürün belirtildiğ üzere Apple Türkiye Garantili,seri numarası ile apple resmi sitesinden sorgulama yapabilirsiniz.  Kargo elinize ulaştığı gün itibarı ile 2 yıllık garanti başlıyor.Özellikle Hepsiburada satıcısından almanız ilerde yaşayacağınız sorunlarda muhattap bulma anlamında çok önemli piyasaya göre fiyat çok uygun Teşekkürler HEPSİBURADA...|1
Arkadaşlar telefonu satın alalı yaklaşık olarak beş ay oldu ve telefonumdan şu anda yeterince memnunum ama fotoğraf çekmesi olsun ekran büyüklüğü olsun ve çözünürlüğü olsun iPhone 7 Plus daha iyi iPhone 7 Plus almanızı tavsiye ederim|1
Ürün zamanında geldi çok memnun kaldım |1
Oğluma aldım. Hepsiexpress ile mükemmel hızda ulaştı. Mükemmel diyor...|1
GÜZEL BİR ÜRÜN ARAS KORGO SÜPER ÜRÜN SÜPER. TEŞEKKÜRLER .|1
beğenmedim|0
Üründen çok memnunum. :)|1
Ürün zaten iyi. Fiyat da mükemmel |1
Hızlı ve başarılı|1
gerçekten mükemmel bir telefon tavsiye ederim.|1
Olması gerektiği gibiydi herşey. Teşekkürler Hepsiburada.|1
En yakın zamanda karne hediyesi olarak alıyorum ??|1
Ertesi gün elime ulaştı çok memnunum|1
Tskederim guvenılır arkadaşlar gonul rahatlığı ile alabilirsiniz sıfır jıletin Türkiye garantili motor kurye ile yolluyorlar yarım günde elinizde |1
31 aralıktan beri kullanıyorum sorunsuz devam|1
Telefon iyi ama hantal kamera ve hızı çok iyi pili de aynı şekilde ama çok yavaş şarj oluyor|0
Kargoyu teslim alma süreci biraz maceralı geçse de telefon harika..Özenle paketlenmişti içinde faturası da mevcuttu.|1
Kargo memnuniyet herşey çok iyi güzel paketleme hızlı gönderim uygun fiyat vb çok memnun kaldım zaten telefona diyecek birşey yok teşekkürler |1
Teşekkürler Hepsiburada.com'a... Iphone 7 Plus aldım. Saat 16.58 de siparişi tamamladım. Ertesi gün saat 13.00'de Denizli'de elimdeydi. Uygun fiyata kalite. tavsiye ederim. |1
Cihaz elime sorunsuz ulaştı...Özellikle paketleme kısmını beğendim...|1
Telefon gerçekten mükemmel. Spigen ürünleri de oldukça kaliteli. Tam bir uyumla yola devam. Hep Samsung kullanmıştım Apple gerçekten kalite. Bir kere servis olayı çok iyi. Müşteri hizmetlerini arayın ilgiyi göreceksiniz. Sözün özü bu telefonu almak isteyenlere şiddetle tavsiye ediyorum. |1
sipariş aynı gün kargolandı ve 2. gün elime ulaştı ürün güzel paketlenmişti açılmamıştı hızlı kargo ve güvenli alışveriş için teşekkürler|1
Daha ne olsun|1
İos 11'in saçma tarafları olsada hızı için tercih ediyorum. Çift kamera güzel fakat 8'd ki gibi portre modu düzenleme gelir mi bilmem. Pil 1 günü rahat çıkarıyor. Emsallerine göre biraz yavaş şarj oluyo ama hiç ısınmıyor.|1
Mükemmel bir telefon fazla anlatmaya gerek yok. 32 gb olması sorun yaratmıyor. iCloud yükseltmesi ile bellek sorunu halledilebilir. Ayrıca İPhone ile uyumlu flashbelleklerde bu sorunu cözer. Hepsiburada kalitesi. Tek sorun KARGO firması Aras olmuş. En berbat KARGO ile çalışıyorlar lütfen şu kargoyu bırakın.|1
Iphone almak istiyorsanız hepsiburada dan başka adres yok|1
Black friday indiriminden 3599 tlye aldım. Hızlı bir şekilde elime ulaştı. Faturaya imei numarasını bir sayı yanlış yazılmıştı bir hafta içinde düzenleyip tekrar yolladılar. Telefondan çok memnunum Satıcı hepsiburadaydı bu arada teşekkürler.|1
On numara beş yıldız cihaz arkadaşlar tavsiye ediyorum ??|1
Telefon için yorum yapmak gereksiz. Amerikalılar yapmış saygı duymak lazım. Piyasaya göre fiyatı çok uygun. Hepsiburada güvencesi ise düşünmeden sipariş vermemde çok etkili oldu.|1
Telefonu alırken çok tereddüt ettim ama boşmuş satıcı zenticc çok ilgili ve alakalı bir firmaydı güvenilirdir kesinlikle tavsiye ederim telefonu zaten söylemeye gerek yok teşekkürler Hepsiburada ve ZENTİCC |1
Kargo işlemleri çok iyi. Cihaz da gayet kullanışlı. Çok beğendim. Önerilir..|1
bunu alacağınıza mate 10 pro alın katbekat daha iyi.ama yine de siz bilirsiniz|1
Harika |1
Çok güzel çok beğendim |1
Maalesef ürün 4.gün ısınmaya başladı servisten arıza raporu alıp iade ettim. Yıllardır güvenle alışveriş yaptığım ve çevreme sürekli tavsiye ettiğim hepsiburada beni şaşırtmadı ve arızalı ürünü iade aldı. Şimdi 8 plus aldım. Kardeşim de birkaç ay önce yine buradan almıştı, sorunsuz kullanıyor. Ne alırsanız alın ama kesinlikle hepsiburada dan alın. Mükemmel müşteri memnuniyeti için çok teşekkürler :)|1
kargo yeterli şekilde korunaklı değil daha iyi olması lağzım kutuda ufakda olsa ezilmeler mevcut az daha özen lütfen !|0
Hediye aldım kendim de Iphone kullanıyorum. Hızlı teslimat ve kaliteli hizmet için teşekkürler|1
Çoooook iyi|1
TELEFONA LAF YOK FAKAT VAAD EDİLEN TARİHTE KARGO YAPILMIYOR !!|0
Ürün elime bu gün ulaştı. Hızlı kargo +paket içeriği  +  renk  +  her şey kusursuz ilerledi .Teşekkürler hepsi burada ekibine |1
Teşekkürler ürün gayet hızlı ve temiz ulaştı|1
Hani bugün kargoya verecektiniz biz bekliyoruz çok acil yollarsanız seviniriz |0
Herkese tavsiye ederim. Mükemmel |1
Kargo hızlı. Güzel paket. Muhteşem|1
Üründen çok menun kaldık araştırma sonucunda 8 plus tan bizce daha iyi olduğunu düşünüyorum.Paketleme iyi şekilde yapılmış.Fiyat olarak iyi seviyede aldık.|1
İos işletim sisteminin sadeliği performansı gerçekten taktire şayan.Artı yönleri performansı,kamerası,ekranı,inceliği ve zarifliği harika büyük telefon sevenler için ideal ama taşınması çok zor cepte taşınması yorucu ses kalitesi üst düzey de ama eksi yönleri de var.Hafızasını kesinlikle yüksek alın hafıza yetmiyo video ve fotoğraflar hafızayı çabucak dolduruyor sürekli internet ve güncelleme istiyor internet olmadan telefonu kullanmak gerçekten sıkıcı eğer çevrenizde Apple kullananlar fazla ise alın yoksa veri foto vb. paylaşımlarda sıkıntı hücresel veri kullanımı çok yüksek sürekli birşeyleri yenilediği için çok fazla internet harcıyor bence hafızasından dolayı bu para fazla 128GB almanızı şiddetle tavsiye ediyorum telefon hor kullanılmaya elverişli değil dikkatli kullanmanız gerek yoksa başınıza ağır masraflar açar benim gözlemim bu kadar İos’a ön yargılı davranmayın bende Androidden geçtim hiç zorlanmadım Androidden daha iyi bence İos telefonun birkaç eksiği dışında harika bir telefon almanızı tavsiye edrim|1
Herhangi bir sıkıntıyla karşılaşmadım|1
Hızlı gönderi. Kusursuz teslimat. Teşekkürler hepsiburada. |1
pazar günü verdim siparişi p.tesi kargoya vermişler salı elimdeydi.  gelirken kırılır korkusu olmasın paketleme güzel. |1
ürün bilindiği gibi anlatmaya gerek yok dışardaki fiyatlara gore hepsiburada da daha uygun tereddüt etmeden alabilirsiniz.|1
Genelde satıcıyı hepsiburada seçip alırdım ama bittibitiyor isimli satıcı da işini güzel yapıyormuş.24 saat dolmadan telefon adrese sorunsuz geldi.kendilerine teşekkür ederim.Nası bir yokluksa işine yapana teşekkür ediyoruz. imei sorgusu yaptım 2 yıl TR garantili..Android kullananlar için ilk önce sıkıntılı fakat 2 yıl öncesinin teknolojisi olsada hala güzel telefon. illa ios diyorsanız alınır. Yok farketmez diyorsanız android de bu fiyata çok daha güzel telefonlar bulunabilir.|1
Teşekkürler Hızlı Kargo Özenli paketleme olmuş|1
Zamanında gelen kargo ve güzel paketlemeden dolayı tedarikçi firmaya Bittibitiyor’a teşekkürler. |1
Firma ürünü güzel paketlemiş ve 24 saat olmadan teslim aldım. Cihaza söylenecek bir şey yok.. bu yıl 12 cihaz denedim ve en son yine iphone da karar kıldım. / plus bence 8 ve 8 plustan daha avantajlı ve eksik yönü yok gibi. Aklınızda soru işareti varsa düşünmeden alın derim...|1
Bittibitiyor adlı satıcıdan aldım,zamanında kargo sorunsuz alışveriş için teşekkürler. |1
On numara hızlı bir cihaz 29 Haziran sabah sipariş verdim 30 haziran 1 de elime ürün ulaştı çok teşekkür ederim. Kargolama ve paketleme çok iyi. Maalesef kutunun içinden jak için adaptör çıkmıyor ona üzüldüm. Apple yeni üretilen cihazlarda adaptörü kaldırmış aldığım cihaz 14 Nisanda üretilmiş. Eski telefonum iPhone 6 idi 7 plusa geçtim çok memnunum tavsiyem plus alın.|1
telefon kısa sürede geldi kontrollerini yaptıktan sonra yazmak istedim gayet iyi satıcı sorunsuz ulaştı yalnız kutu içerisine yerleştirmişsiniz ancak kutu içindeki boşluklara köpük yada kaparcık korumalı poşet kullansaydınız daha iyi olabilirdi çünkü kargo şirketleri pek özenli davranmıyor kaldırıp atıyor şubeden şubeye giderken ama ben sıkıntısız aldım teşekkür ederim..|1
iPhone aldığı paranın hakkını veriyortereddütsüz alabilirsiniz  herkese tavsiye ederim|1
Kargo telefon hepsi on numara|1
Çocuğuma aldım. beğenerek kullanıyor.|1
Ürünü bittibityordan aldım geç geldi ama telefon için buna değer ve memnunum.|1
Cihazın siparişi ve teslimatı süreci çok hızlı ve sorunsuzdu. Cihaz herkesin malumu 3 yıllık bir cihaz olmasına rağmen donanım olarak gayet yeterli. Tabiki benzer fiyatlara daha güncel cihazlar bulunabilir. Tercih ios ise alınabilecek en iyi fiyat performans ürünü. Kontrol ettiğimde cihazın 2 yıl garantisi apple türkiye olduğunu teyit ettim. Ayrıca üretim mart 2019 olduğunu.Teşekkürler Bittibitiyor.|1
Ürünü BittiBitiyor satıcısından aldım. Ürüne yorum yapmıyorum biliyorsunuz mükemmel. Kargo ise çok hızlı geldi fakat paketleme pek iyi değildi kutuda küçük ezilmeler vardı ama sıkıntı değil. Teşekkürler.|1
Ürün cok guzel cok hizli fakat kargolama cok kötü kutu icine koyup gondermisler paketleme iyi degil.sürat kargo kargoyu bulamadi yakın zamanda.kisacasi kargolama haric iyi|1
hızlı kargo sagalm ürün|1
Ürün yeni herşeyi işe tam ve saglam geldi teşekkür ederim|1
Kargo firması biraz üzse de genel olarak problem yaşamadım gelir gelmez imei numarasından garantisini sorguladım Apple Türkiye garantisi mevcut yani alacaksanız aklınızda çok soru işareti kalmasın. Hepsiburada ve bittibitiyor.com’a teşekkürler...|1
6plus cihaımı değişmek istediğimde 7 ve 8 plus arasında seçim yapmam gerekti fazla fir farklılık olmadığı için daha fazla ödemeden 7 plus almakta karar verdim. 8plusa ödeyeceğim miktarı az dha arttırırsam X tercih ederdim. Ürünü kapalı kutulu olarak teslim aldım. Kuruluma geçmek için sabırsızlanıyorum ..:))|1
Sorunsuz alışveriş teşekkür ederim.|1
Yaklaşık 1 senedir 7 plus kullanıyorum şarjı iyi gidiyor ama pubg falan girdiğinizde çok çabuk bitebiliyor onun dışında telefon gayet iyi fiyatını hakediyor|1
Çok araştırdıktan sonra 8 ve üzeri yerine 7 Plus'da karar kıldım ve de çok iyi etmişim. Telefon süper. Film, video, oyun vs. indirmediğim için hafızası benim için fazlasıyla yeterli. İnternetten İphone 8 ile karşılaştırma videolarını izlerseniz zaten performansları arasında çok fark yok. Şarjı bana iki gün dayanıyor, iki saatin biraz üzerinde %100 şarj oluyor. BittiBitiyor'dan aldım, çok hızlı, rahat ve güvenli bir alışveriş oldu.|1
iphone larda pek nesil farki olmuyor.andeoid cihazlarda oluyor nesil farki.cunku iphone lar her zaman onde gidiyor.cihazin kamerasi en son cikan tum android cihazlardan cok daha iyi.stabilitesini halen yakalayabilmis bir android cihaz gormedim.mutlaka bir sekilde ram temizligi yaparsiniz. diyecegim tek sey iphone 7 plus her türlü alinir rahat olun|1
Ürün gayet güzel bir şekilde kapıma kadar geldi paketleme çok iyi değildi fakat ürüne birşey olmamıştı. Bakmadım umarım Apple Türkiye garantilidir.|1
hızlı ve sorunsuz gönderi teşekkürler|1
Android Telefon Kullanıyordum İyiki Almışım Pişman Değilim Muhteşem|1
çok iyi|1
Çok güzel iphone kalitesi (^_-)|1
Sorunsuz geldi kargoya verilmesi biraz uzun sürdü 1 gün kadar. Orjinal cihaz gönül rahatlığıyla alabilirsiniz.|1
üründen ve satıcıdan çok memnunum. ama bu modeli alırken arıştırdıysanız siyah renginde boya atması sorunuyla karşılaşan insanlar olduğunu okumuşsunuzdur. aynı durum benimde başıma geldi. ürünü aldığım günün ertesi günü kılıf aldım ve kılıftan hiç çıkarmadığım halde hoparlör kısmının orasında 1-1 buçuk ay sonra boyanın attığını gördüm. Apple bunun birçok kişinin de karşılaştığı bir durum olmasına rağmen kabul etmiyor, kullanıcı hatası diyor. o yüzden almadan önce bunu da göz önünde bulundurun.|1
Androidden geçiş yaptım ve keşke daha önceden alsaydım dedim tek eksisi şarj başka bi eksi yanı yok|1
Yaklaşık 4 ay önce aldım çok memnunum. Keşke daha önceden tereddüt etmeden alsaydım. Çok araştırdık sonunda doğru tercihte bulunduk..|1
Kargoyla veya üründe bir sıkıntı olmadı fakat alacak arkadaşlar iphone 7 plus mat modellerinde cihazın arkasında kılıflar leke bırakıyor özellikle slikon kılıflar ve bu lekeler geçmiyor ben lansman kılıfı kullandığım halde leke kaldı garanti hiç bir şekilde kabul etmiyor. Eğer benim gibi titiz biriyseniz bu durum oldukça can sıkıcı...|1
Telefonu 1 yıl önce satmıştım uapamadım tekrar aldım androıd kulanılmıyor yavas hıza alışınca yapamıyosun androıdle|1
Tel paketlenmiş bir Şekil de geldi.beğendim . Garantisini nasıl sorgulatıyorsunuz yardımcı olursanız sevinirim|1
COK GÜZEL ÜRÜN HERKEZ ALABİLİR|1
GELECEK BİZDE SATICISINDAN KARDEŞİME ALDIM. PERŞEMBE SİPARİŞ VERDİK.BUGÜN ELİMİZE ULAŞTI. KARGOLAMA GAYET İYİYDİ. TELEFONU KURDUĞUNUZ AN GARANTİ DEVREYE GİRİYOR. APPLE DAN SORGULAMA YAPINCA GARANTİ BAŞLAMIŞ GÖZÜKÜYOR. FİYATI ZATEN PİYASADAKİ EN UYGUN FİYAT. EMEĞİ GEÇENLERE TEŞEKKÜRLER. HEPSİ BURADA FARKI ZATEN DAHA FAZLA NE SÖYLENEBİLİR Kİ...|1
5 ay önce aldım. sipariş verdikten 1 gün sonra elime ulaştı. sorunsuz bi şekilde kullanıyorum|1
Telefonu anlatmaya bile gerek yokHerşey için teşekkür ederim |1
Ürünümü bugün teslim aldım, alışveriş sonrası mağazayla ilgili internette okuduğum kötü yorumlar beni baya endişelendirmişti ancak sonrasında şirketle de iletişime geçtim, herhangi bir problem yaşamadan ürünüm elime ulaştı, üründe de herhangi bir problem yok, gönül rahatlığıyla alışveriş yapabilirsiniz, teşekkürler hepsiburada ve bittibitiyor..|1
Hızlı kargo güzel paketleme güzel fiyat orjinalin ürün daha ne sayabilirim ki ????|1
Bittibitiyor ,zamanında kargo sorunsuz alışveriş için teşekkürler.|1
bu özelliklerin iki katı yarı fiyatına satılıyor. mikilmel isteyenler buyursun alsın.|0
Gerçekten güzel telefon 2 gün içerisinde getirdiler muhafazalı bi şekilde getirildi telefon herşeyiyle çok güzel alacak kişilere şahsen tavsiye ederim seri numarasından sorgulattım aynı gün başlatmışlar aklınızda kalacak bir soru işaretine ihtimal vermemişler|1
Önceki telefonumda iPhone 5S  'di. iPhone 7 Plus 'a düşünmedengeçtim.. BittiBitiyordan aldım fiyat uygundu. Her şey düzgündü firmaya da kargoya teşekkürler..|1